cve,package,version,severity,kev,kev_date_added,epss,epss_percentile,exploitdb,exploitdb_ids,commit_links,patch_links,fix_commits,repo_urls,ghsa_ids,introduced_versions,fixed_versions,cvss_base,cvss_vector,cvss_version
CVE-2024-11831,serialize-javascript,6.0.0,Medium,False,,0.01129,0.78396,no,,https://github.com/yahoo/serialize-javascript/pull/173 | https://github.com/yahoo/serialize-javascript/commit/f27d65d3de42affe2aac14607066c293891cec4e,,https://github.com/yahoo/serialize-javascript/pull/173 | https://github.com/yahoo/serialize-javascript/commit/f27d65d3de42affe2aac14607066c293891cec4e,,,,f27d65d3de42affe2aac14607066c293891cec4e,,,
CVE-2024-55565,nanoid,3.3.1,Medium,False,,0.00107,0.28542,no,,https://github.com/ai/nanoid/pull/510,,https://github.com/ai/nanoid/pull/510,,,,65a38ac63a0709c420b9de30b15511b84e87c423,,,
CVE-2025-62718,axios,1.14.0,Medium,False,,0.00035,0.10362,no,,,,,,,,,9.9,CVSS:3.1/AV:N/AC:L/PR:N/UI:N/S:C/C:H/I:L/A:L,3.1
CVE-2025-64718,js-yaml,4.1.0,Medium,False,,0.00034,0.09892,no,,https://github.com/nodeca/js-yaml/commit/383665ff4248ec2192d1274e934462bb30426879 | https://github.com/nodeca/js-yaml/commit/5278870a17454fe8621dbd8c445c412529525266,,https://github.com/nodeca/js-yaml/commit/383665ff4248ec2192d1274e934462bb30426879 | https://github.com/nodeca/js-yaml/commit/5278870a17454fe8621dbd8c445c412529525266,,GHSA-mh29-5h37-fv8m,ee74ce4b4800282b2f23b776be7dc95dfe34db1c,cc482e775913e6625137572a3712d2826170e53a | 9963d366dfbde0c69722452bcd40b41e7e4160a0,,,
CVE-2026-24001,diff,5.0.0,Low,False,,0.0002,0.05431,no,,https://github.com/kpdecker/jsdiff/commit/15a1585230748c8ae6f8274c202e0c87309142f5 | https://github.com/kpdecker/jsdiff/pull/649,,https://github.com/kpdecker/jsdiff/commit/15a1585230748c8ae6f8274c202e0c87309142f5 | https://github.com/kpdecker/jsdiff/pull/649,,,e80648d06dd3dd967622dc418bcad821b003ed4a | d358a573dc38fb89dd5ee296805e29f75c932a58 | 84d12ca26ae06631ac70151d75b919d78638c060,13576bfbcc444ce48f71cfd1e08529bd13962411 | b7b6339dea15baa636bebe7092ec1cbabf001dea | f06f3e4cacad5955caf891a8a02c5bb1c954bcb5 | e8bb42240c6adbbcdad7754f37b094081c9e7112,7.5,CVSS:3.1/AV:N/AC:L/PR:N/UI:N/S:U/C:N/I:N/A:H,3.1
CVE-2026-26996,minimatch,4.2.1,High,False,,0.00026,0.07185,no,,https://github.com/isaacs/minimatch/commit/2e111f3a79abc00fa73110195de2c0f2351904f5,,https://github.com/isaacs/minimatch/commit/2e111f3a79abc00fa73110195de2c0f2351904f5,,,346685ced5203464bb10fd3d4dfa6964f6102ede,6d7ac34de6979f0b028b34fecd40349cd4dde186,7.5,CVSS:3.1/AV:N/AC:L/PR:N/UI:N/S:U/C:N/I:N/A:H,3.1
CVE-2026-27903,minimatch,4.2.1,High,False,,0.00027,0.0753,no,,,,,,,346685ced5203464bb10fd3d4dfa6964f6102ede | b95cb1e4404ce374e447b3b1bfde837e74f139bd | 5d20578d5749f53f3413b7ca413e5658d6ab0d05 | ce9e6a4b42eb8a4c39eff1258affa9d37c66101b | 31f61eeaa6c4493f81bf5eb0a146f23e538fdfd7 | fc44f5f9123f534ecbf76af65558eb87d90f1028 | 26d281dc585af91df47cb93844e227e0ee90b7ce,ea94840326c3f40522f1b544bd2303024b0eec35 | 2de496f6d9362dd92460f35ffa6ff8de2907244b | a5f07f4b8de8a068e8fcafd44e7cafc2a8fe7be3 | 6fcf01a77e8a85765609e41be089595a36989e07 | dc3340d6509d25d4bb75258e6d3b4403bb1cd9c3 | e92ae291a1e512f2d7ae13d6797b02315f68a40c | 5970751fa5886750886a59a20de834d54b4e2541 | 00c323b188b704e5d4bc534ecec2268cfa70a32a,,,
CVE-2026-27904,minimatch,4.2.1,High,False,,0.00025,0.0689,no,,,,,,,346685ced5203464bb10fd3d4dfa6964f6102ede | b95cb1e4404ce374e447b3b1bfde837e74f139bd | 5d20578d5749f53f3413b7ca413e5658d6ab0d05 | ce9e6a4b42eb8a4c39eff1258affa9d37c66101b | 31f61eeaa6c4493f81bf5eb0a146f23e538fdfd7 | fc44f5f9123f534ecbf76af65558eb87d90f1028 | 26d281dc585af91df47cb93844e227e0ee90b7ce,ea94840326c3f40522f1b544bd2303024b0eec35 | 2de496f6d9362dd92460f35ffa6ff8de2907244b | a5f07f4b8de8a068e8fcafd44e7cafc2a8fe7be3 | 6fcf01a77e8a85765609e41be089595a36989e07 | dc3340d6509d25d4bb75258e6d3b4403bb1cd9c3 | e92ae291a1e512f2d7ae13d6797b02315f68a40c | 5970751fa5886750886a59a20de834d54b4e2541 | 1a2e084af579731af66c221214e3ca8222c9bf23,,,
CVE-2026-33532,yaml,2.8.2,Medium,False,,0.00062,0.1899,no,,https://github.com/eemeli/yaml/commit/1e84ebbea7ec35011a4c61bbb820a529ee4f359b,,https://github.com/eemeli/yaml/commit/1e84ebbea7ec35011a4c61bbb820a529ee4f359b,,,85aa802a406dc5b8ec69723e22da7b7fe07ff9c6 | 3649942472ddc6258415b4c8b697a73d86253207,ce14587484822bffb0f7d31aefedcaf2dc0d0387 | cfe8f0437054ff5fbfe6499894f55b3316a54959,,,
CVE-2026-33750,brace-expansion,1.1.12,Medium,False,,0.00024,0.06638,no,,https://github.com/juliangruber/brace-expansion/commit/311ac0d54994158c0a384e286a7d6cbb17ee8ed5 | https://github.com/juliangruber/brace-expansion/commit/7fd684f89fdde3549563d0a6522226a9189472a2 | https://github.com/juliangruber/brace-expansion/commit/b9cacd9e55e7a1fa588fe4b7bb1159d52f1d902a | https://github.com/juliangruber/brace-expansion/pull/95 | https://github.com/juliangruber/brace-expansion/pull/96 | https://github.com/juliangruber/brace-expansion/pull/97,,https://github.com/juliangruber/brace-expansion/commit/311ac0d54994158c0a384e286a7d6cbb17ee8ed5 | https://github.com/juliangruber/brace-expansion/commit/7fd684f89fdde3549563d0a6522226a9189472a2 | https://github.com/juliangruber/brace-expansion/commit/b9cacd9e55e7a1fa588fe4b7bb1159d52f1d902a | https://github.com/juliangruber/brace-expansion/pull/95 | https://github.com/juliangruber/brace-expansion/pull/96 | https://github.com/juliangruber/brace-expansion/pull/97,,,6a39bdddcf944374b475d99b0e8292d3727c7ebe | b01a637b0578a7c59acc7d8386f11f8d0710b512 | 0b6a022491103b806770bc037654744bef3e63be,87939017c6cb6be56b98c6fa2059b073315cd534 | 67ff947eb70ec5d57961f9e09b205487498fc4ed | 73b5459d2ab973c984d01324769d306f66440c7e | 6c353caf23beb9644f858eb3fe38d43a68b82898,7.5,CVSS:3.1/AV:N/AC:L/PR:N/UI:N/S:U/C:N/I:N/A:H,3.1
CVE-2026-34043,serialize-javascript,6.0.0,Medium,False,,0.00017,0.04123,no,,https://github.com/yahoo/serialize-javascript/commit/f147e90269b58bb6e539cfdf3d0e20d6ad14204b,,https://github.com/yahoo/serialize-javascript/commit/f147e90269b58bb6e539cfdf3d0e20d6ad14204b,,,,df3f1c1fa9ca16b050ae893cb63ac23c91deed55,7.5,CVSS:3.1/AV:N/AC:L/PR:N/UI:N/S:U/C:N/I:N/A:H,3.1
CVE-2026-39363,vite,8.0.0,High,False,,0.02326,0.84881,no,,,,,,,,,7.5,CVSS:3.1/AV:N/AC:L/PR:N/UI:N/S:U/C:H/I:N/A:N,3.1
CVE-2026-39364,vite,8.0.0,High,False,,0.03614,0.87829,no,,,,,,,,,7.5,CVSS:3.1/AV:N/AC:L/PR:N/UI:N/S:U/C:H/I:N/A:N,3.1
CVE-2026-39365,vite,5.4.21,Medium,False,,0.01151,0.78591,no,,,,,,,,,5.3,CVSS:3.1/AV:N/AC:L/PR:N/UI:N/S:U/C:L/I:N/A:N,3.1
CVE-2026-40175,axios,1.14.0,Medium,False,,0.00028,0.07855,no,,,,,,,,,4.8,CVSS:3.1/AV:N/AC:H/PR:N/UI:N/S:U/C:L/I:L/A:N,3.1
CVE-2026-41305,postcss,8.5.8,Medium,False,,0.00031,0.09044,no,,,,,,,,,,,
CVE-2026-4923,path-to-regexp,8.3.0,Medium,False,,0.00057,0.17692,no,,,,,,,,,,,
CVE-2026-4926,path-to-regexp,8.3.0,High,False,,0.00057,0.17618,no,,,,,,,,,,,
